品牌名字,品牌logo
奥迪,https://car2.autoimg.cn/cardfs/series/g26/M0B/AE/B3/autohomecar__wKgHEVs9u5WAV441AAAKdxZGE4U148.png
AITO,https://car3.autoimg.cn/cardfs/series/g28/M01/51/A0/autohomecar__ChxkmmGoO-6AW18kAAAbZ19L96M856.png
阿斯顿・马丁,https://car3.autoimg.cn/cardfs/series/g30/M00/52/4A/autohomecar__ChwFlGLYttCAI3w2AAAQgCKQAyQ745.png
阿维塔,https://car3.autoimg.cn/cardfs/series/g30/M09/3C/4B/autohomecar__ChxknGLRPuiAK1LDAAAklC2Xf0g071.png
阿尔法・罗密欧,https://car2.autoimg.cn/cardfs/series/g26/M05/B0/29/autohomecar__ChcCP1s9u5qAemANAABON_GMdvI451.png
安凯客车,https://car2.autoimg.cn/cardfs/series/g29/M00/AB/C8/autohomecar__ChcCSFs8riCAYVA2AAApQLgf8a0969.png
爱驰,https://car2.autoimg.cn/cardfs/series/g24/M08/0F/C6/autohomecar__Chtk3WCrG-KAFes4AAAHQi7g7mc829.png
安徽猎豹,https://car2.autoimg.cn/cardfs/series/g29/M07/12/15/autohomecar__Chxkm2HVAQKAfL9VAAAhMhFaR7s198.png
AUXUN傲旋,https://car3.autoimg.cn/cardfs/series/g27/M00/FB/E1/autohomecar__ChsEnVzmW--AExZ6AABfZsjdIhI251.png
ALPINA,https://car3.autoimg.cn/cardfs/series/g27/M05/AB/2E/autohomecar__wKgHHls8hiKADrqGAABK67H4HUI503.png
AC Schnitzer,https://car3.autoimg.cn/cardfs/series/g27/M01/B0/62/autohomecar__ChcCQFs9vBKAO3YSAAAW0WOWvRc555.png
Aurus,https://car2.autoimg.cn/cardfs/series/g27/M07/F3/E1/autohomecar__ChcCQFuN6WiAcztKAAAsLfBmU9g074.png
Apollo,https://car2.autoimg.cn/cardfs/series/g1/M01/F7/24/autohomecar__ChsEj19tYM-ASJBFAAAqaYUyomY408.png
Aspark,https://car2.autoimg.cn/cardfs/series/g1/M0B/26/7C/autohomecar__ChcCQ13LZUyAUSmsAABeKu3ALHg887.png
APEX,https://car2.autoimg.cn/cardfs/series/g28/M05/AD/C8/autohomecar__ChcCR15GEemAGrC4AAAuVA4lsGA970.png
Aviar,https://car2.autoimg.cn/cardfs/series/g25/M07/AE/43/autohomecar__ChsEel8rbG6ALvsaAAAWP1gBSLA065.png
Alpine,https://car2.autoimg.cn/cardfs/series/g25/M04/AB/46/autohomecar__ChwFj2J6Dy-AfqLPAAAObSyb8q8842.png
艾康尼克,https://car2.autoimg.cn/cardfs/series/g29/M0A/A9/EC/autohomecar__wKgHG1s8iP6ASbjTAAAOIwskkzo314.png
ABT,https://car3.autoimg.cn/cardfs/series/g30/M07/B0/47/autohomecar__wKgHPls9vLOAHILAAAAWGGhA_W0282.png
Ariel,https://car3.autoimg.cn/cardfs/series/g30/M02/E1/80/autohomecar__ChwFlF8Owv-AeHsDAAAY8idJrCU452.png
Atlis,https://car3.autoimg.cn/cardfs/series/g2/M03/9F/9D/autohomecar__ChcCRFvJj4iATCobAAAUTs9HMww388.png
AEV ROBOTICS,https://car2.autoimg.cn/cardfs/series/g3/M02/58/D3/autohomecar__ChcCRVw0TJaAM8BmAAAS-7AD7DQ372.png
ATS,https://car2.autoimg.cn/cardfs/series/g26/M08/D7/D3/autohomecar__ChsEe1wYwKmAY2p9AAA1NP0jCHk594.png
Aria,https://car3.autoimg.cn/cardfs/series/g28/M0B/B0/0D/autohomecar__wKgHI1s9r2iAJwIXAAAIBShzq60456.png
Agile Automotive,https://car3.autoimg.cn/cardfs/series/g27/M08/BB/F7/autohomecar__ChxkmWGgtvGAU5w2AAAwJF6f6bc075.png
Arash,https://car3.autoimg.cn/cardfs/series/g30/M05/AA/D4/autohomecar__wKgHHFs8n1CAVhcNAAAV3xEAiDM531.png
奔驰,https://car3.autoimg.cn/cardfs/series/g26/M00/AF/E7/autohomecar__wKgHHVs9u6mAaY6mAAA2M840O5c440.png
本田,https://car2.autoimg.cn/cardfs/series/g8/M05/78/7D/autohomecar__ChsEwGDymG6ATewSAAAMXREb5AQ823.png
宝马,https://car2.autoimg.cn/cardfs/series/g1/M08/18/4F/autohomecar__ChsEmV5fMd6AZK-bAAAg8taR7xI407.png
比亚迪,https://car2.autoimg.cn/cardfs/series/g29/M0B/50/C2/autohomecar__Chxkm2Hem-6AJbRTAAALAAXnCgc902.png
别克,https://car3.autoimg.cn/cardfs/series/g30/M07/9C/3D/autohomecar__ChxknGKXXIeAVSSkAAAeg5Bcplw602.png
保时捷,https://car3.autoimg.cn/cardfs/series/g2/M02/2A/97/autohomecar__ChsEkF7Dp1mAZ9jIAAAUTcLHE7s133.png
宾利,https://car3.autoimg.cn/cardfs/series/g28/M06/AE/A5/autohomecar__wKgHFFs9uNCAOyW9AAAnxKBcMUs989.png
宝骏,https://car2.autoimg.cn/cardfs/series/g24/M04/C9/71/autohomecar__ChwFjmC0hm6AC0CtAAA25rbWpqA875.png
标致,https://car3.autoimg.cn/cardfs/series/g8/M0C/29/F9/autohomecar__ChxkmGB89POAFeLiAAAwViTOKds116.png
北京,https://car3.autoimg.cn/cardfs/series/g3/M02/03/01/autohomecar__ChcCRVzmL1-AWSnMAAA9zFbZtKM700.png
北京汽车,https://car3.autoimg.cn/cardfs/series/g24/M07/D6/D5/autohomecar__ChwFjmC0wG2AAoAzAAAZQXPGLhI179.png
奔腾,https://car2.autoimg.cn/cardfs/series/g3/M04/9D/02/autohomecar__ChsEkV2dt1GAO7XPAABiZdb4KEA484.png
北汽制造,https://car2.autoimg.cn/cardfs/series/g29/M07/C9/47/autohomecar__ChwFk2IEfjuAFJCQAAALhbiuJ7M541.png
北汽新能源,https://car3.autoimg.cn/cardfs/series/g27/M00/4B/85/autohomecar__ChsEnV7_A_CAP8a9AAAZo1q0t8Q378.png
北汽幻速,https://car3.autoimg.cn/cardfs/series/g29/M02/AF/96/autohomecar__ChcCSFs9sVuAciUFAAAormQT1CY327.png
宝沃,https://car3.autoimg.cn/cardfs/series/g26/M05/AA/A1/autohomecar__wKgHEVs8raOAIlAJAAAsu8M_vL0825.png
布加迪,https://car3.autoimg.cn/cardfs/series/g27/M07/B0/47/autohomecar__wKgHHls9u6-AR44cAAAs_DFf2AY596.png
北汽昌河,https://car3.autoimg.cn/cardfs/series/g27/M06/DC/40/autohomecar__ChwFkWGgqvOAJHOsAAAuCaFFL2A493.png
博速,https://car2.autoimg.cn/cardfs/series/g26/M08/AF/E1/autohomecar__ChcCP1s9smyARYtBAAAbaaONnzg711.png
百智新能源,https://car2.autoimg.cn/cardfs/series/g6/M08/0F/F0/autohomecar__Chxkj2E-yYWAGJ2yAAApP-cgFA8313.png
铂驰,https://car2.autoimg.cn/cardfs/series/g24/M00/EE/A1/autohomecar__ChsEeV2eizSATlwHAABO6A_kwuI864.png
北汽瑞翔,https://car3.autoimg.cn/cardfs/series/g29/M0B/11/23/autohomecar__Chxkm2HNSi-ANj5EAAAkk-a5XR8386.png
比克汽车,https://car2.autoimg.cn/cardfs/series/g28/M03/59/51/autohomecar__ChxkmmGcWoWAK_g4AAAhZrb5pJE390.png
北汽威旺,https://car2.autoimg.cn/cardfs/series/g27/M06/B0/01/autohomecar__wKgHHls9sl2AS3ynAAAti2dtJX0432.png
北汽道达,https://car3.autoimg.cn/cardfs/series/g30/M0B/A9/FB/autohomecar__wKgHHFs8guKAHq1OAAAuyvGl_RU803.png
百度Apollo,https://car3.autoimg.cn/cardfs/series/g30/M03/52/45/autohomecar__ChwFlGLYtM2AFD76AAAVPzf4yIs084.png
拜腾,https://car3.autoimg.cn/cardfs/series/g30/M0B/62/63/autohomecar__wKgHHFtid_CAW5C5AAAJ55QLP-o625.png
宝骐汽车,https://car2.autoimg.cn/cardfs/series/g3/M03/44/92/autohomecar__ChsEm1vyglqAEYJuAAA835JVzPk894.png
宾尼法利纳,https://car3.autoimg.cn/cardfs/series/g30/M06/AF/ED/autohomecar__wKgHPls9sEuARbeYAAAXf9Xfv-M058.png
Bollinger Motors,https://car3.autoimg.cn/cardfs/series/g30/M0B/6A/C2/autohomecar__ChsEf12QG42AVm1VAAAZdMiwrIk950.png
宝腾,https://car3.autoimg.cn/cardfs/series/g20/M01/91/19/autohomecar__ChwEpmDujVCASdctAAA9IgkIrok754.png
BAC,https://car3.autoimg.cn/cardfs/series/g26/M03/AF/E0/autohomecar__ChcCP1s9scyAbg3RAAAJmG5qgkg284.png
比德文汽车,https://car3.autoimg.cn/cardfs/series/g8/M0C/66/A8/autohomecar__ChxkmGDuf6-AWi_bAAArbY8fkd4125.png
博郡汽车,https://car2.autoimg.cn/cardfs/series/g28/M0B/2A/E5/autohomecar__ChsEfVx93lmAWBiDAABFGP3qTds862.png
比速汽车,https://car3.autoimg.cn/cardfs/series/g27/M04/AA/91/autohomecar__wKgHE1s8nBuAMAXYAAAbuJuhhQU550.png
保斐利,https://car2.autoimg.cn/cardfs/series/g28/M0A/B0/75/autohomecar__wKgHI1s9vNeAUU-ZAAAcjcQv8w8815.png
北京清行,https://car3.autoimg.cn/cardfs/series/g26/M05/AA/75/autohomecar__wKgHHVs8fkuAWfQiAAA3sYlXyQc334.png
长安,https://car3.autoimg.cn/cardfs/series/g28/M06/44/F5/autohomecar__ChwFkl9y_JqAVybMAAAUINDQ2uo180.png
长安欧尚,https://car2.autoimg.cn/cardfs/series/g30/M0B/5C/88/autohomecar__ChsEf1_llNOAIrJgAAAQANAIBSA602.png
长城,https://car3.autoimg.cn/cardfs/series/g30/M00/AF/12/autohomecar__wKgHHFs9s9OAOb66AAAYgXAgE6Q888.png
长安深蓝,https://car2.autoimg.cn/cardfs/series/g28/M07/34/B5/autohomecar__ChxkmmMKk_OADldrAAAde346ynA857.png
长安凯程,https://car3.autoimg.cn/cardfs/series/g26/M07/0A/8B/autohomecar__ChxkjmMZoTqAPzP3AAAUiEt08HA619.png
长安跨越,https://car2.autoimg.cn/cardfs/series/g29/M02/AA/69/autohomecar__wKgHJFs8gvyAIOjpAAAP8QDmnsg975.png
创维汽车,https://car2.autoimg.cn/cardfs/series/g6/M03/17/99/autohomecar__ChwEmGCLybSAKlYDAAAP1HaVYtk142.png
橙仕,https://car2.autoimg.cn/cardfs/series/g27/M02/B8/F1/autohomecar__ChwFkWGEpsuAaWFdAAAQJOsK8Nc277.png
成功汽车,https://car2.autoimg.cn/cardfs/series/g27/M00/AC/45/autohomecar__wKgHHls8r8uATj2MAAAiLCYmGw8960.png
车驰汽车,https://car2.autoimg.cn/cardfs/series/g30/M09/34/D8/autohomecar__ChsEf1yAuXKAB06TAABSgskKW3A014.png
长江EV,https://car2.autoimg.cn/cardfs/series/g28/M04/AA/3F/autohomecar__wKgHFFs8nTmAINVuAAAKQpTf6Wo316.png
Czinger,https://car3.autoimg.cn/cardfs/series/g29/M05/BD/E5/autohomecar__ChcCSF5KqaqATRjyAAAXpjUh750316.png
Cupra,https://car3.autoimg.cn/cardfs/series/g30/M05/AB/6B/autohomecar__ChcCSVs8f1iAYeb2AAAg8V5Iaww514.png
Continental,https://car3.autoimg.cn/cardfs/series/g5/M11/4D/D0/autohomecar__ChwEl2E4J96AajUUAAALSXYaNz8583.jpg
Caterham,https://car2.autoimg.cn/cardfs/series/g30/M03/AF/01/autohomecar__wKgHHFs9sZqAMwXxAAAHnt8uIOs878.png
Canoo,https://car3.autoimg.cn/cardfs/series/g2/M04/50/63/autohomecar__ChcCRF2NaLqAAGjsAAADzFHnXBk483.png
昶洧,https://car3.autoimg.cn/cardfs/series/g26/M03/AE/60/autohomecar__wKgHEVs9r5qACpLQAAAYr9YIb3o495.png
Corbellati,https://car3.autoimg.cn/cardfs/series/g28/M00/AA/F3/autohomecar__wKgHI1s8f2-AF_P6AAAoUR5zKEA630.png
车和家,https://car3.autoimg.cn/cardfs/series/g27/M07/9B/50/autohomecar__wKgHHltz2oeADM5KAABBEVysPEw425.png
Conquest,https://car2.autoimg.cn/cardfs/series/g29/M08/AF/C0/autohomecar__wKgHJFs9vN-AbAhBAAAdlrw5tkk822.png
大众,https://car2.autoimg.cn/cardfs/series/g24/M07/57/D8/autohomecar__ChsEeV26zOKAATwCAAAMlhPv54M195.png
东风风行,https://car3.autoimg.cn/cardfs/series/g24/M05/60/3B/autohomecar__ChwFjmDCtHeADhPVAAAaNKkqdAA838.png
东风,https://car2.autoimg.cn/cardfs/series/g30/M02/F9/F0/autohomecar__ChcCSV38aQSAUL_RAAB_z1788XE540.png
东风风神,https://car2.autoimg.cn/cardfs/series/g26/M06/4F/86/autohomecar__ChwFkGIEu72AMFioAAA7C_3xavQ556.png
东风风光,https://car3.autoimg.cn/cardfs/series/g29/M07/AB/4F/autohomecar__wKgHJFs8ntuAMyzLAAAiej-Yyi4735.png
大运,https://car3.autoimg.cn/cardfs/series/g26/M00/57/F0/autohomecar__ChsEnF4dG32AOJLUAAAMhpSftJI417.png
DS,https://car3.autoimg.cn/cardfs/series/g1/M0A/BA/5C/autohomecar__ChsEmV7d8LqAD7upAAAlhzwMg2c093.png
东风小康,https://car2.autoimg.cn/cardfs/series/g29/M07/51/B9/autohomecar__ChsEflvzc-CAQAjsAAAcpo1Owuo575.png
东南,https://car2.autoimg.cn/cardfs/series/g30/M00/AF/14/autohomecar__wKgHHFs9s_KAaauXAAAa0T_XCnU027.png
道奇,https://car3.autoimg.cn/cardfs/series/g28/M02/B0/57/autohomecar__wKgHI1s9uNeAb52AAAASYiac9j0595.png
东风EV新能源,https://car2.autoimg.cn/cardfs/series/g10/M11/A0/BA/autohomecar__ChsE8V_lqsuAfDh_AABItIlAeNM038.png
东风・瑞泰特,https://car3.autoimg.cn/cardfs/series/g28/M01/AA/EF/autohomecar__wKgHI1s8fxeAQ_AqAAAcqetOCNE548.png
东风御风,https://car2.autoimg.cn/cardfs/series/g26/M01/47/2F/autohomecar__ChwFkGATcjCAFujwAAAdk1eMZw0386.png
大乘汽车,https://car3.autoimg.cn/cardfs/series/g27/M02/1C/D7/autohomecar__ChcCQFuXj2aALFhEAAAdu7mBZJo627.png
电动屋,https://car3.autoimg.cn/cardfs/series/g4/M12/82/B4/autohomecar__ChsFVmEbXXGAfRSRAAAbdY35v6c356.png
东风富康,https://car3.autoimg.cn/cardfs/series/g24/M0A/BA/0A/autohomecar__ChcCL14dTwiAIPCbAAAyVnO7wrI966.png
东风风度,https://car2.autoimg.cn/cardfs/series/g28/M0A/AC/8F/autohomecar__wKgHFFs9bDiAMDyGAAAW7CUMgNI376.png
东风猛士,https://car2.autoimg.cn/cardfs/series/g26/M0B/04/A6/autohomecar__ChwFkGMKJbyAbdWEAAAZPS2RKdc640.png
大发,https://car3.autoimg.cn/cardfs/series/g30/M05/B4/D1/autohomecar__ChcCSVs-vGGAEaeLAAAp-wVFo0E557.png
DeLorean,https://car3.autoimg.cn/cardfs/series/g26/M04/C5/FA/autohomecar__ChsEdmL-7lSAILSzAAAHsGWzmWg872.png
东风氢舟,https://car2.autoimg.cn/cardfs/series/g30/M08/DF/BA/autohomecar__ChsEoF9ukseADYK6AAAcW1M6nsg706.png
Drako,https://car3.autoimg.cn/cardfs/series/g26/M00/C4/C6/autohomecar__ChsEnF1aBWCALiQZAAAsX3K6fyg365.png
Donkervoort,https://car2.autoimg.cn/cardfs/series/g26/M05/AB/C5/autohomecar__wKgHHVs8rYWAZQNFAAAe8xAnQIQ153.png
Dianchè,https://car3.autoimg.cn/cardfs/series/g2/M01/56/69/autohomecar__ChcCRFw8HBaAewVqAABfdBgeD_c087.png
达契亚,https://car2.autoimg.cn/cardfs/series/g4/M0A/28/9B/autohomecar__ChsFVmDukRKAbZb7AAAIr6AtwTc324.png
DEUS Automobiles,https://car3.autoimg.cn/cardfs/series/g25/M08/0E/ED/autohomecar__ChwFj2I9JVSAGGmIAAAM_gnl1UY519.png
De Tomaso,https://car3.autoimg.cn/cardfs/series/g27/M07/E4/8D/autohomecar__ChcCQF0ernSAUyQNAABiwA7qHzY711.png
Datsun,https://car3.autoimg.cn/cardfs/series/g26/M0B/AB/CB/autohomecar__wKgHHVs8rpCAbfMWAAAm5U5f5fE182.png
电咖,https://car3.autoimg.cn/cardfs/series/g29/M08/AA/AD/autohomecar__ChcCSFs8hdqAOLNBAACnh0DsAE4404.png
EdisonFuture,https://car2.autoimg.cn/cardfs/series/g26/M00/C9/FA/autohomecar__ChxkjmF7W0aAMzb0AAAGiT8-x8g870.png
E-Legend,https://car2.autoimg.cn/cardfs/series/g5/M0D/2A/82/autohomecar__ChwEl2E22UqAArxVAAAWH9Z3-BU959.png
Elemental,https://car3.autoimg.cn/cardfs/series/g29/M01/AB/A0/autohomecar__wKgHJFs8rvuABvjcAAATebzQNMg932.png
丰田,https://car2.autoimg.cn/cardfs/series/g28/M04/C5/46/autohomecar__ChwFkmGgkM-ADLF_AAA7SzrQUQw971.png
福特,https://car2.autoimg.cn/cardfs/series/g27/M01/E7/3D/autohomecar__ChwFkWGVuYCAWgzzAAA86IJMQok255.png
法拉利,https://car3.autoimg.cn/cardfs/series/g5/M14/96/CD/autohomecar__ChwEl2DuSdKAZlfHAAA-hFbiqKM930.png
福田,https://car3.autoimg.cn/cardfs/series/g1/M02/22/4C/autohomecar__ChcCQ1z0hJyAKjxnAABAVJ0IgBo091.png
飞凡汽车,https://car3.autoimg.cn/cardfs/series/g25/M07/6E/AF/autohomecar__ChxkqWJFTu6AGZFzAAAMDuhBVTs769.png
菲亚特,https://car2.autoimg.cn/cardfs/series/g27/M01/AE/EA/autohomecar__wKgHE1s9usmAIAd8AAA9Rhf3SVw801.png
福迪,https://car3.autoimg.cn/cardfs/series/g27/M07/AE/AD/autohomecar__wKgHE1s9smOAaFprAABBXlFoCfo726.png
Faraday Future,https://car3.autoimg.cn/cardfs/series/g27/M08/B0/0A/autohomecar__ChcCQFs9sH2AfzMGAAAjqybm5nE385.png
Foxtron,https://car3.autoimg.cn/cardfs/series/g26/M00/58/CB/autohomecar__ChxkjmFtCWaAD6-yAAAWqY6Pg64090.png
飞碟汽车,https://car3.autoimg.cn/cardfs/series/g29/M07/18/84/autohomecar__ChwFk19r9cuABdVKAAARCld1M2Q436.png
Fisker,https://car2.autoimg.cn/cardfs/series/g28/M0A/C7/B2/autohomecar__ChwFkmGgpoyAP7CSAABG4mdcJpg633.png
法诺新能源,https://car2.autoimg.cn/cardfs/series/g7/M11/5B/C1/autohomecar__ChsEvmFRinSAMpbnAAALcKUz8g0099.png
FOX Automotive,https://car3.autoimg.cn/cardfs/series/g25/M02/CC/90/autohomecar__ChsEel2RcseASEZAAAAUxPYqUk8356.png
弗那萨利,https://car2.autoimg.cn/cardfs/series/g27/M00/B0/12/autohomecar__ChcCQFs9sdyAZLWrAAARpZQYlL4568.png
广汽传祺,https://car2.autoimg.cn/cardfs/series/g27/M09/46/90/autohomecar__ChxkmWMNuqWAG1FpAAAiDp2lNeM601.png
广汽埃安,https://car3.autoimg.cn/cardfs/series/g27/M05/82/BD/autohomecar__ChwFkV_bNVuAUZ7oAAAunxG2yZc865.png
广汽集团,https://car3.autoimg.cn/cardfs/series/g29/M02/AA/47/autohomecar__wKgHJFs8fv-AApzlAAASDdMSNco884.png
高合汽车,https://car2.autoimg.cn/cardfs/series/g2/M09/61/49/autohomecar__ChcCRF1CPHGAMtSKAABkBqk2ATc029.png
观致,https://car3.autoimg.cn/cardfs/series/g29/M09/B2/C9/autohomecar__wKgHG1s-vBOALsLAAAAwsyp19fk466.png
广汽吉奥,https://car3.autoimg.cn/cardfs/series/g26/M0B/AF/F6/autohomecar__ChcCP1s9tFuAK6vOAAAeCnZnwzg718.png
国金汽车,https://car3.autoimg.cn/cardfs/series/g27/M02/A9/BD/autohomecar__wKgHE1s8ggWAABjPAAA6CzsiZpg136.png
GMC,https://car3.autoimg.cn/cardfs/series/g28/M06/AE/94/autohomecar__wKgHFFs9te6AToffAAAalLxEQiw361.png
国机智骏,https://car2.autoimg.cn/cardfs/series/g28/M08/1B/2B/autohomecar__ChcCR1y0IpyAFzxOAAB5CXvprFM172.png
光冈,https://car2.autoimg.cn/cardfs/series/g27/M01/AE/F4/autohomecar__wKgHE1s9vBqAY6sWAAAQDMyOjUE817.png
GMA,https://car3.autoimg.cn/cardfs/series/g29/M09/47/86/autohomecar__ChsEn18qH6GAf-LZAAAMz4aCCp8084.png
Gemballa,https://car3.autoimg.cn/cardfs/series/g30/M08/EA/14/autohomecar__ChsEf123nwGAGLvgAAAy0PuTouU447.png
Ginetta,https://car2.autoimg.cn/cardfs/series/g2/M03/33/3B/autohomecar__ChsEkFx_slSAclfNAABQXLuHo_8158.png
GFG Style,https://car3.autoimg.cn/cardfs/series/g3/M07/2F/F4/autohomecar__ChcCRVx9zuKATH6qAABK0WDOCuM116.png
格罗夫,https://car3.autoimg.cn/cardfs/series/g2/M04/12/2C/autohomecar__ChcCRFy22LeAThB6AAATywlbshw992.png
GYON,https://car3.autoimg.cn/cardfs/series/g26/M07/16/96/autohomecar__ChsEnFyz-suAabZlAABWBEhc3O0947.png
谷歌,https://car3.autoimg.cn/cardfs/series/g28/M03/AC/45/autohomecar__wKgHI1s8ry6AdOQoAAAcO0Ag5lg430.png
Gumpert,https://car2.autoimg.cn/cardfs/series/g24/M09/57/8D/autohomecar__Chtk3WDv3IKAM8_AAABOw7n37EQ576.png
GTA,https://car3.autoimg.cn/cardfs/series/g27/M0B/B0/0E/autohomecar__ChcCQFs9sLuAfe5dAAAij_7G3wg350.png
GLM,https://car3.autoimg.cn/cardfs/series/g29/M07/AF/8B/autohomecar__ChcCSFs9r_qAf1f6AAAWqfoOHK8666.png
NEVS国能汽车,https://car2.autoimg.cn/cardfs/series/g28/M05/AB/1A/autohomecar__wKgHI1s8gzaAWFsVAAASKeNZhyQ775.png
GAZ,https://car2.autoimg.cn/cardfs/series/g28/M09/C8/B1/autohomecar__ChwFkmGgr0qAYw2ZAAA8JRVXyA0914.png
哈弗,https://car2.autoimg.cn/cardfs/series/g28/M03/23/A1/autohomecar__ChxkmmMFiDCAAovFAAARP7OEQ7Y560.png
红旗,https://car3.autoimg.cn/cardfs/series/g24/M08/F4/68/autohomecar__Chtk3WDeiCWAQgzNAAAqNs0dL_I640.png
海马,https://car2.autoimg.cn/cardfs/series/g30/M00/AF/1C/autohomecar__wKgHHFs9tAiAfpCvAAAnKHYVDTM004.png
华夏领舰,https://car2.autoimg.cn/cardfs/series/g29/M08/AF/56/autohomecar__ChsFVWMZd8WAdu5HAAAhfy8bVZg026.png
悍马,https://car3.autoimg.cn/cardfs/series/g29/M08/AE/BA/autohomecar__wKgHG1s9s4SASaD0AAASMGgcudg275.png
黄海,https://car3.autoimg.cn/cardfs/series/g29/M0A/AF/B8/autohomecar__ChcCSFs9tk6ARTblAAAxzI_ZQ3A039.png
华晨新日,https://car3.autoimg.cn/cardfs/series/g26/M05/E8/11/autohomecar__ChsEnF_HNoiAEifiAAAo9eFdLsg766.png
海格,https://car2.autoimg.cn/cardfs/series/g28/M08/AE/77/autohomecar__wKgHFFs9skaAJY6ZAAAzAlgWPH8839.png
华凯,https://car2.autoimg.cn/cardfs/series/g29/M04/AB/97/autohomecar__ChcCSFs8o8-AKwfzAABj2CfXwSE062.png
汉腾汽车,https://car3.autoimg.cn/cardfs/series/g28/M08/AB/86/autohomecar__ChcCR1s8nGqAUYohAABBmS3d_M0580.png
华泰,https://car2.autoimg.cn/cardfs/series/g26/M03/AF/C0/autohomecar__wKgHHVs9tneAMfJPAAAgUqGRDbI235.png
哈飞,https://car3.autoimg.cn/cardfs/series/g29/M01/AF/B7/autohomecar__wKgHJFs9u2KAZWMRAAAQcjoZmFg843.png
华普,https://car2.autoimg.cn/cardfs/series/g26/M00/AF/C1/autohomecar__wKgHHVs9toGADgreAAA_OKgWxgw893.png
恒驰,https://car3.autoimg.cn/cardfs/series/g28/M03/7B/72/autohomecar__ChwFkl8nnEOAUm8xAAAmM9ARtzQ457.png
合创,https://car3.autoimg.cn/cardfs/series/g4/M14/08/85/autohomecar__ChwElmEfh0WAIiwmAAAJMGYOhBc946.png
华梓汽车,https://car2.autoimg.cn/cardfs/series/g26/M00/79/9C/autohomecar__ChwFkGFybDqAX61kAAAnW2h8BzA624.png
恒润汽车,https://car3.autoimg.cn/cardfs/series/g25/M05/EF/3C/autohomecar__ChxkqWI9e5SAB-CDAABCbjI7DNI434.png
Hennessey,https://car2.autoimg.cn/cardfs/series/g29/M02/AE/AB/autohomecar__wKgHG1s9sfqAVP-ZAAAEXqsByvw201.png
恒天,https://car2.autoimg.cn/cardfs/series/g27/M01/D9/FB/autohomecar__ChwFkWGglQGAS9eYAAA-r-Wm9rM522.png
宏远汽车,https://car2.autoimg.cn/cardfs/series/g28/M04/51/F7/autohomecar__ChsEfV_i--SAcNnjAAAjH9NM_0A015.png
Hyperion,https://car2.autoimg.cn/cardfs/series/g28/M06/A9/C2/autohomecar__ChsEnl87jXeAfOzgAAALp29XQWw297.png
Hispano Suiza,https://car3.autoimg.cn/cardfs/series/g27/M06/E3/71/autohomecar__ChsEfFxqGRiAGR48AAAWEKzKAic842.png
霍顿,https://car2.autoimg.cn/cardfs/series/g30/M06/AB/1A/autohomecar__wKgHHFs8rSyAEsu7AAA59Rcj3Hc218.png
汉龙汽车,https://car3.autoimg.cn/cardfs/series/g25/M03/E9/1A/autohomecar__ChsEel3gs3WARX3bAAA9LVWBIF8713.png
华人运通,https://car2.autoimg.cn/cardfs/series/g28/M06/C7/E0/autohomecar__ChsEfVvN2CuAaKGAAAAezGNCKHc343.png
华泰新能源,https://car2.autoimg.cn/cardfs/series/g29/M01/AB/4C/autohomecar__wKgHJFs8ns6AXjhfAAAhvhXs76U833.png
红星汽车,https://car3.autoimg.cn/cardfs/series/g29/M06/AA/3C/autohomecar__wKgHJFs8feaAaVdvAAAS0-MQQqo282.png
华骐,https://car3.autoimg.cn/cardfs/series/g30/M00/AF/F8/autohomecar__wKgHPls9sayAb_miAAAvTHnchzM172.png
华颂,https://car2.autoimg.cn/cardfs/series/g26/M09/AF/DA/autohomecar__ChcCP1s9sReAIGj8AAAyCRkSDuI502.png
华利,https://car3.autoimg.cn/cardfs/series/g29/M09/AB/C5/autohomecar__ChcCSFs8rViAee3SAAAkdzLnYr0038.png
INDI,https://car3.autoimg.cn/cardfs/series/g29/M02/56/A8/autohomecar__ChwFk2HWgEuABR1PAAAQD4wBhD4184.png
INEOS,https://car3.autoimg.cn/cardfs/series/g2/M03/5F/2A/autohomecar__ChwFql78BJmAC3U7AAARArIYUJ0722.png
IZERA,https://car2.autoimg.cn/cardfs/series/g3/M02/37/95/autohomecar__ChsEkV8jiMKAS5bHAAAOhlyvsGQ293.png
Italdesign,https://car2.autoimg.cn/cardfs/series/g28/M0B/AB/1C/autohomecar__wKgHI1s8g8mAG9MmAAA3VSjIEFM163.png
Inferno,https://car2.autoimg.cn/cardfs/series/g27/M03/D1/CE/autohomecar__ChsEnVwYwt-AAzatAAAwCu7x2gU256.png
Icona,https://car3.autoimg.cn/cardfs/series/g30/M04/AD/07/autohomecar__wKgHHFs9bCiAVaxFAAAM-fOGPKw326.png
吉利汽车,https://car3.autoimg.cn/cardfs/series/g15/M06/A0/71/autohomecar__ChwEoWDylfGAOuKfAAA5bSitpkk273.png
Jeep,https://car3.autoimg.cn/cardfs/series/g30/M09/B0/D2/autohomecar__ChcCSVs9uSKAfIubAAAhhGdi0vw459.png
捷豹,https://car3.autoimg.cn/cardfs/series/g30/M07/AD/FA/autohomecar__ChcCSV5FFiGAAp3HAAAv0IZ8sqc957.png
金杯,https://car3.autoimg.cn/cardfs/series/g30/M01/B0/0E/autohomecar__wKgHPls9tAKAdrX2AAAphw4W_r4675.png
捷途,https://car3.autoimg.cn/cardfs/series/g30/M07/66/63/autohomecar__ChwFlGLftKiAI_l0AAAk8uRgeAo452.png
江淮,https://car3.autoimg.cn/cardfs/series/g27/M01/B0/3D/autohomecar__ChcCQFs9touAZxvgAAAcEM6h5fk288.png
捷达,https://car2.autoimg.cn/cardfs/series/g30/M01/2E/1B/autohomecar__ChwFlGEaQXKAItNVAAAXDzq0xcw792.png
几何汽车,https://car3.autoimg.cn/cardfs/series/g20/M0F/24/B0/autohomecar__ChwEpmB_ieiAetXeAAAL_LI081Y702.png
江铃,https://car3.autoimg.cn/cardfs/series/g27/M01/B0/4B/autohomecar__wKgHHls9vAmAbQlPAAAOj143nKY495.png
极氪,https://car3.autoimg.cn/cardfs/series/g17/M0A/27/52/autohomecar__ChsEu2BlH0uAIXqyAAAWKohTkfQ776.png
捷尼赛思,https://car3.autoimg.cn/cardfs/series/g5/M00/62/2E/autohomecar__ChsF3WB9MWWAaS-pAAAbeIIqJBk355.png
Polestar极星,https://car3.autoimg.cn/cardfs/series/g27/M03/A9/B8/autohomecar__wKgHE1s8gZmAJ_gRAAAMnxbAOwU102.png
江铃集团新能源,https://car2.autoimg.cn/cardfs/series/g7/M0F/25/FD/autohomecar__ChwEmWFP4xGAHmqiAAAxVOeQpSA564.png
ARCFOX极狐,https://car2.autoimg.cn/cardfs/series/g21/M06/5F/75/autohomecar__ChsEdmATuFGAJ6LHAAAMk3ugjWo809.png
金龙,https://car2.autoimg.cn/cardfs/series/g29/M06/AB/35/autohomecar__Chxkm2Ho1dWAWiM4AAASVhnYYJI118.png
九龙,https://car3.autoimg.cn/cardfs/series/g28/M01/AE/76/autohomecar__wKgHFFs9sj-AGkqEAAArzHFBvws428.png
金杯新能源,https://car2.autoimg.cn/cardfs/series/g27/M0B/BC/6E/autohomecar__ChsEbGKOCzmAVnwiAAAtrvsPlrw416.png
集度,https://car2.autoimg.cn/cardfs/series/g30/M09/B8/AD/autohomecar__ChxknGKhbPOAK-9eAAAJB42ioxc146.png
江南汽车,https://car3.autoimg.cn/cardfs/series/g30/M0B/11/87/autohomecar__ChxknGMbHXOAc9zYAAAmj_JGGq8398.png
金旅,https://car3.autoimg.cn/cardfs/series/g26/M0A/AD/BD/autohomecar__wKgHHVs9bWSAXfQrAAAVxLyBDEw442.png
金冠汽车,https://car2.autoimg.cn/cardfs/series/g26/M03/77/D5/autohomecar__ChsEe16FfFGAe40oAAAs745LVHE110.png
钧天,https://car3.autoimg.cn/cardfs/series/g1/M04/98/35/autohomecar__ChsEj1xBhcqAUUCIAAAXlksokaA625.png
奇点汽车,https://car2.autoimg.cn/cardfs/series/g28/M0A/B0/10/autohomecar__wKgHI1s9r-OAAl8-AAAdOAuzHEk251.png
君马汽车,https://car2.autoimg.cn/cardfs/series/g27/M07/A9/C8/autohomecar__wKgHE1s8gx2ANrhoAAA6nWo_8JA317.png
Jannarelly,https://car2.autoimg.cn/cardfs/series/g26/M02/B4/02/autohomecar__ChcCP1s-u1iADtRwAAAc_Kk62aU055.png
佳跃,https://car2.autoimg.cn/cardfs/series/g29/M0B/AB/A3/autohomecar__wKgHJFs8rxOAGWUcAAAhIsrjYFU589.png
凯迪拉克,https://car3.autoimg.cn/cardfs/series/g30/M07/B0/D4/autohomecar__ChcCSVs9uSyADfmVAAAjuVlhC9w875.png
凯翼,https://car3.autoimg.cn/cardfs/series/g30/M01/3C/3B/autohomecar__ChxknGLROS-AYm1SAABCQcrw-8I489.png
克莱斯勒,https://car3.autoimg.cn/cardfs/series/g27/M0A/B0/21/autohomecar__ChcCQFs9s02AYJLNAAAYKYPaXc0846.png
开瑞,https://car2.autoimg.cn/cardfs/series/g30/M09/AF/23/autohomecar__wKgHHFs9tiSAYP7NAAAhIYl-T54441.png
KTM,https://car2.autoimg.cn/cardfs/series/g26/M04/B0/01/autohomecar__ChcCP1s9tgiAYT0ZAAAMMwYcMdw218.png
克蒂汽车,https://car3.autoimg.cn/cardfs/series/g27/M09/5A/69/autohomecar__ChxkmWGDRjaASrF3AAATfgZ2XyA866.png
科尼赛克,https://car2.autoimg.cn/cardfs/series/g1/M0A/18/93/autohomecar__ChsEmV5fQCmAb9r2AAAU4HrKXwY493.png
卡升,https://car2.autoimg.cn/cardfs/series/g28/M02/AA/9A/autohomecar__wKgHFFs8re2AN33CAAA3OWTx3kA591.png
�j驰,https://car3.autoimg.cn/cardfs/series/g30/M05/3E/58/autohomecar__ChsFJ2JzPS6AK1thAAAqUgvATQM595.png
卡尔森,https://car2.autoimg.cn/cardfs/series/g5/M05/67/BD/autohomecar__ChxkkGDv2Z2AO7ysAAA3NdgI9_4929.png
克慕勒,https://car3.autoimg.cn/cardfs/series/g28/M08/3F/EF/autohomecar__ChxkmmGnIIWAYFd1AAA0iRzxGh8716.png
开沃汽车,https://car3.autoimg.cn/cardfs/series/g3/M03/24/16/autohomecar__ChcCRVy1KAyADylbAABurt7mYMc206.png
Karma,https://car2.autoimg.cn/cardfs/series/g28/M0A/8C/67/autohomecar__ChcCR1wEoFmAYowkAABRmUvwYYk116.png
卡威,https://car2.autoimg.cn/cardfs/series/g28/M0A/AB/EB/autohomecar__ChcCR1s8r52AE230AAAWOqKEmtw112.png
开利,https://car2.autoimg.cn/cardfs/series/g27/M05/AC/CA/autohomecar__wKgHE1s9a9iAOUt1AAA6XHtMvkY451.png
凯佰赫,https://car2.autoimg.cn/cardfs/series/g26/M0B/AE/6F/autohomecar__wKgHEVs9snWARnxKAABCGJAtGEw647.png
路虎,https://car2.autoimg.cn/cardfs/series/g30/M05/AF/3C/autohomecar__wKgHHFs9uTuAByb_AAA0TOzXvPg367.png
雷克萨斯,https://car3.autoimg.cn/cardfs/series/g4/M0F/33/79/autohomecar__ChsFVmDyoR-AA-qXAAAh289AfBc459.png
领克,https://car3.autoimg.cn/cardfs/series/g28/M0B/A9/8A/autohomecar__wKgHFFs8hfSAeEAlAAAJSAX0EFA163.png
林肯,https://car2.autoimg.cn/cardfs/series/g26/M01/26/5C/autohomecar__ChwFkGH842-AcRc1AAAQjkCI5Gg788.png
劳斯莱斯,https://car3.autoimg.cn/cardfs/series/g30/M04/23/83/autohomecar__ChsEoF9OEC-AeVWmAAAY215k3Ns843.png
零跑汽车,https://car2.autoimg.cn/cardfs/series/g27/M0B/0D/C6/autohomecar__ChsEbGMHCkWAXBbEAAALKa1CJFY709.png
兰博基尼,https://car2.autoimg.cn/cardfs/series/g30/M01/AF/3B/autohomecar__wKgHHFs9uTSAYIYPAAA059qx-5c495.png
理想汽车,https://car3.autoimg.cn/cardfs/series/g1/M01/1D/0E/autohomecar__ChwFqWLEF-6Af7KPAAAWg0i3bpw514.png
猎豹汽车,https://car2.autoimg.cn/cardfs/series/g3/M01/36/D8/autohomecar__ChsEkVy2lfCALubKAAB0oxpsNNY056.png
岚图汽车,https://car2.autoimg.cn/cardfs/series/g4/M03/84/E0/autohomecar__ChwElmEbbwWAFV-VAAANGBjR7HM397.png
铃木,https://car2.autoimg.cn/cardfs/series/g28/M0B/B0/2D/autohomecar__wKgHI1s9s5CADS78AAAgk82qckg464.png
雷诺,https://car3.autoimg.cn/cardfs/series/g6/M10/85/BF/autohomecar__Chxkj2DukI-AKWplAAASndx3lLE835.png
路特斯,https://car3.autoimg.cn/cardfs/series/g28/M04/1B/9E/autohomecar__ChxkmmMC6xKAfaKIAAApf41Jvw8936.png
力帆汽车,https://car2.autoimg.cn/cardfs/series/g29/M0A/9D/51/autohomecar__ChcCSFt03BiANx2oAAAHlvXhKPc300.png
Lorinser,https://car2.autoimg.cn/cardfs/series/g28/M03/B0/2A/autohomecar__wKgHI1s9szSADVbkAAAVF5caJEs349.png
莱茵汽车,https://car2.autoimg.cn/cardfs/series/g26/M00/DC/9C/autohomecar__ChxkjmFvypSAeuBwAAAacGf1-Xo095.png
理念,https://car2.autoimg.cn/cardfs/series/g30/M02/B0/A8/autohomecar__ChcCSVs9sxmAek-jAAAp2Z9dqQY376.png
凌宝汽车,https://car2.autoimg.cn/cardfs/series/g30/M04/6C/48/autohomecar__ChwFlGKF-CqATJGjAAANS38UwIE883.png
龙程汽车,https://car3.autoimg.cn/cardfs/series/g19/M08/B8/F6/autohomecar__ChsEv1_Wyc6AP6p9AAA6zPL6Mzw813.png
LEVC,https://car3.autoimg.cn/cardfs/series/g28/M04/AA/A0/autohomecar__ChcCR1s8f3iAZRWoAAAdiZ8atus589.png
陆地方舟,https://car3.autoimg.cn/cardfs/series/g29/M01/AF/95/autohomecar__ChcCSFs9sVKAWEgmAAAvEkEYscA543.png
陆风,https://car2.autoimg.cn/cardfs/series/g30/M03/AF/1D/autohomecar__wKgHHFs9tA-AajwkAAAgKj_1lmg884.png
雷丁,https://car3.autoimg.cn/cardfs/series/g6/M06/85/37/autohomecar__Chxkj2DudHeANUJyAAALjFE-TeE038.png
Lucid,https://car2.autoimg.cn/cardfs/series/g30/M06/B0/8E/autohomecar__ChcCSVs9r8-AHZhzAAAOxZXfQ3s529.png
LUMMA,https://car3.autoimg.cn/cardfs/series/g2/M05/80/79/autohomecar__ChsEkF-2GAWAX6OVAAAni1DopEc968.png
雷达汽车,https://car2.autoimg.cn/cardfs/series/g28/M06/8C/1E/autohomecar__ChxkmmLPh6uAd-EPAAAMqolnO-0945.png
拉达,https://car2.autoimg.cn/cardfs/series/g27/M06/BA/F9/autohomecar__ChxkmWGgsRyAakuZAAANPqhnT2A577.png
LIMGENE凌际,https://car3.autoimg.cn/cardfs/series/g29/M0A/B7/0C/autohomecar__Chxkm2IEeAiAbDukAAAMzAg7nPk842.png
雷诺三星,https://car3.autoimg.cn/cardfs/series/g27/M03/AC/0B/autohomecar__ChcCQFs8nrWAW0jhAAAfl3k530c398.png
Lordstown Motors,https://car2.autoimg.cn/cardfs/series/g28/M06/CA/04/autohomecar__ChwFkmGguKKAKDuIAAANOzXakV4791.png
蓝旗亚,https://car2.autoimg.cn/cardfs/series/g28/M09/B0/6F/autohomecar__wKgHI1s9u_KARXOAAAA993FaVNE504.png
罗夫哈特,https://car2.autoimg.cn/cardfs/series/g3/M0B/BB/A7/autohomecar__ChsEkVvFWpmARVvLAAAVxtw5dMM875.png
绿驰,https://car3.autoimg.cn/cardfs/series/g26/M08/AA/A9/autohomecar__ChcCP1s8gGWAKcBwAAArk2E6Nwc210.png
领途汽车,https://car2.autoimg.cn/cardfs/series/g1/M07/30/35/autohomecar__ChcCQ1uppBiAN0GbAAASGHwE694630.png
拉共达,https://car2.autoimg.cn/cardfs/series/g26/M0B/AE/5E/autohomecar__wKgHEVs9rziAbrtRAAAQ_wRMqXw626.png
LOCAL MOTORS,https://car3.autoimg.cn/cardfs/series/g28/M00/AA/6A/autohomecar__wKgHFFs8pB6Aaby5AAAPblmOpFM083.png
莲花汽车,https://car3.autoimg.cn/cardfs/series/g27/M04/B0/2B/autohomecar__ChcCQFs9tBaAJ4EnAAAyFYbkbB0949.png
朗世,https://car3.autoimg.cn/cardfs/series/g29/M0B/AD/B8/autohomecar__ChcCSFs9bHKACAZKAAAgxHnssTg911.png
LeSEE,https://car3.autoimg.cn/cardfs/series/g29/M03/AF/8D/autohomecar__ChcCSFs9sCmAdmovAAASVH9kTbc533.png
LITE,https://car2.autoimg.cn/cardfs/series/g30/M01/AA/BD/autohomecar__wKgHPls8ffCASAnxAAAdCFaaILs568.png
领志,https://car3.autoimg.cn/cardfs/series/g29/M07/AF/91/autohomecar__ChcCSFs9sPGABnJNAAAlnKKEpu0303.png
马自达,https://car2.autoimg.cn/cardfs/series/g29/M02/C0/B9/autohomecar__ChsEfl9oMyiAeme-AAAzB5Luvfg073.png
名爵,https://car3.autoimg.cn/cardfs/series/g21/M06/2D/A7/autohomecar__ChsEdmBtUOuABJI6AAAmP31UY-4934.png
玛莎拉蒂,https://car2.autoimg.cn/cardfs/series/g30/M00/F4/1D/autohomecar__ChwFlGAGhKKAbpNWAAALDWtsuoo752.png
MINI,https://car2.autoimg.cn/cardfs/series/g29/M08/AF/D7/autohomecar__ChcCSFs9um-AT-TMAAANglZqQg0423.png
迈凯伦,https://car3.autoimg.cn/cardfs/series/g1/M04/14/19/autohomecar__ChcCQ1x8nFmATMzkAABF9WvMSP0683.png
迈莎锐,https://car3.autoimg.cn/cardfs/series/g30/M04/5F/3A/autohomecar__ChsEf1zCelaAEPF6AABKOFkY5_o167.png
迈迈,https://car3.autoimg.cn/cardfs/series/g2/M01/21/4A/autohomecar__ChsEkF0wDSyASLtKAAAaXnnRues731.png
迈巴赫,https://car3.autoimg.cn/cardfs/series/g28/M0B/AF/D0/autohomecar__ChcCR1s9s5WAdenKAAAcx4faZ1U654.png
摩登汽车,https://car2.autoimg.cn/cardfs/series/g22/M14/74/B7/autohomecar__ChwFRV_PR2iALBkAAAAi9hNFTy8105.png
摩根,https://car2.autoimg.cn/cardfs/series/g27/M04/BA/70/autohomecar__ChxkmWGgrHOAdgk5AAAcTW0e6Ks998.png
敏安汽车,https://car3.autoimg.cn/cardfs/series/g25/M0B/78/FA/autohomecar__ChtliGL5r-OAIzsFAAAZ-rsdScU377.png
Meyers Manx,https://car2.autoimg.cn/cardfs/series/g27/M06/FB/98/autohomecar__ChsEbGMAygSANVQeAAAkmwpeVns072.png
Manhart,https://car3.autoimg.cn/cardfs/series/g24/M09/6B/A8/autohomecar__Chtk3WC29liADxxeAABWnAGFt-4226.png
Micro,https://car2.autoimg.cn/cardfs/series/g28/M00/61/5D/autohomecar__wKgHFFtidq-Afj0kAAATVNKV4ak123.png
Mobilize,https://car3.autoimg.cn/cardfs/series/g24/M03/81/6A/autohomecar__ChsEeWAE5wmAXQMKAAAr6xlVTAU510.png
Mole,https://car2.autoimg.cn/cardfs/series/g29/M05/2E/55/autohomecar__ChsEflx-KGCAStA7AABSeNQhTzU236.png
Mazzanti,https://car2.autoimg.cn/cardfs/series/g28/M03/C7/FD/autohomecar__ChwFkmGgqSyADHOpAAAWtiUZs8Q504.png
MAGNA,https://car3.autoimg.cn/cardfs/series/g28/M01/AF/B9/autohomecar__ChcCR1s9sM-AIvxiAAAZrgnOpvo465.png
Mahindra,https://car3.autoimg.cn/cardfs/series/g28/M0B/AB/98/autohomecar__ChcCR1s8n2GAFr3tAAAPprEImzw530.png
哪吒汽车,https://car2.autoimg.cn/cardfs/series/g14/M07/A4/57/autohomecar__ChwEoGAzeFKAI-omAAAV1dWuTLo981.png
纳智捷,https://car2.autoimg.cn/cardfs/series/g26/M00/AE/76/autohomecar__wKgHEVs9svSAcF7rAAAc48YsMFE160.png
NEXT LEVEL,https://car2.autoimg.cn/cardfs/series/g20/M0E/3B/AC/autohomecar__ChxklGCA_oKANJROAAAG4rrz63o437.png
Nikola,https://car2.autoimg.cn/cardfs/series/g1/M02/08/E9/autohomecar__ChsEj15cu4uAE5mdAAAa3u4eDHo097.png
Neuron EV,https://car3.autoimg.cn/cardfs/series/g29/M07/18/8F/autohomecar__ChsEfl3Cj6yAQ1bwAABQeqafzlo712.png
Noble,https://car3.autoimg.cn/cardfs/series/g26/M00/AE/70/autohomecar__wKgHEVs9snyAQ8C2AAAqCNGoEp8053.png
nanoFLOWCELL,https://car2.autoimg.cn/cardfs/series/g28/M04/AF/BA/autohomecar__ChcCR1s9sNiANHDJAAALBPiUACc747.png
欧拉,https://car2.autoimg.cn/cardfs/series/g4/M0B/A2/E0/autohomecar__ChwElmCKE7qAPlQ1AAAVEN75qLw986.png
讴歌,https://car3.autoimg.cn/cardfs/series/g27/M06/15/A4/autohomecar__ChcCQF3BTUuAByBbAABCMLVqm0U270.png
欧宝,https://car3.autoimg.cn/cardfs/series/g21/M06/B5/88/autohomecar__ChsEdmAzfCWAX5mRAAAN1bpnSXk978.png
OBBIN,https://car3.autoimg.cn/cardfs/series/g30/M02/CD/3F/autohomecar__ChwFlGJCq06ADNLrAAARV0aa1XU365.png
欧联,https://car2.autoimg.cn/cardfs/series/g26/M07/AB/96/autohomecar__wKgHHVs8pAKARWSfAAAdBsPVMzE991.png
欧朗,https://car3.autoimg.cn/cardfs/series/g26/M08/B0/2F/autohomecar__ChcCP1s9vH6AUgYgAAATwQOlBn8743.png
帕加尼,https://car2.autoimg.cn/cardfs/series/g6/M0B/8F/72/autohomecar__ChsE12Dv1siAY0QbAAAlGMLysis997.png
朋克汽车,https://car3.autoimg.cn/cardfs/series/g23/M03/64/55/autohomecar__ChsFWV_-scqAEKI2AAAVjuVCPY0594.png
Piëch Automotive,https://car3.autoimg.cn/cardfs/series/g2/M0A/2C/5B/autohomecar__ChsEkFx96buAQoGNAABIFhm3xI8996.png
Puritalia,https://car3.autoimg.cn/cardfs/series/g28/M02/BA/2A/autohomecar__ChxkmmGguiOAcwQNAAAR48sg8vU163.png
佩奇奥,https://car2.autoimg.cn/cardfs/series/g1/M00/F3/EC/autohomecar__ChsEj1wYuk2AbkB8AAAduDtm4g8349.png
奇瑞,https://car2.autoimg.cn/cardfs/series/g29/M09/AF/7F/autohomecar__wKgHJFs9s2qAawQfAAAnXgLikoM954.png
起亚,https://car3.autoimg.cn/cardfs/series/g3/M03/C3/04/autohomecar__ChwFlV_1kBmAFRXxAAAn-KcSG8Q668.png
启辰,https://car3.autoimg.cn/cardfs/series/g19/M0F/66/4F/autohomecar__ChwEk1_uy7mART6fAABfmm5Hd94558.png
奇瑞新能源,https://car3.autoimg.cn/cardfs/series/g6/M0B/6D/F5/autohomecar__ChsE12FBlKuAPFYWAAAN9nmVK4E683.png
骐铃汽车,https://car3.autoimg.cn/cardfs/series/g30/M01/3A/23/autohomecar__ChsEoFz2NVKAIyeiAABFLi5sqDs878.png
前途,https://car3.autoimg.cn/cardfs/series/g27/M0B/B0/0C/autohomecar__ChcCQFs9sK2AEMPKAAA0wCagSac427.png
奇鲁汽车,https://car2.autoimg.cn/cardfs/series/g4/M0A/5A/50/autohomecar__Chxkl2EeEjGASW4bAAArcFiVMcA223.png
轻橙时代,https://car2.autoimg.cn/cardfs/series/g27/M01/5B/6A/autohomecar__ChxkmWGcWReAVoh5AAAehmt34dM246.png
清源汽车,https://car3.autoimg.cn/cardfs/series/g30/M09/E4/A4/autohomecar__ChsEf1ylyi-AH0cLAAAe0KrG0Sc304.png
全球鹰,https://car2.autoimg.cn/cardfs/series/g30/M07/65/E4/autohomecar__ChcCSVtid8aAE778AAApEJCvu7E865.png
乔治・巴顿,https://car2.autoimg.cn/cardfs/series/g30/M04/AB/1D/autohomecar__wKgHHFs8rguAMm3jAAAmdImp3ws706.png
日产,https://car2.autoimg.cn/cardfs/series/g16/M14/7B/F8/autohomecar__ChsEzWDylM6AejvfAABHS68N4Ic340.png
荣威,https://car3.autoimg.cn/cardfs/series/g27/M06/A9/D0/autohomecar__ChxkmWLXzhSAW9cDAAArjdjgiRw979.png
RAM,https://car2.autoimg.cn/cardfs/series/g14/M13/D0/82/autohomecar__ChsEvWBAiMCAW9k_AAAiwDo1iZY843.png
瑞风汽车,https://car2.autoimg.cn/cardfs/series/g30/M05/29/0F/autohomecar__ChxknGJc6JyAO4oWAAAPn92CNSc162.png
睿蓝汽车,https://car2.autoimg.cn/cardfs/series/g25/M0A/65/D5/autohomecar__ChxkqWJ2O0aAWr22AAAO3dzbhHg064.png
瑞驰新能源,https://car3.autoimg.cn/cardfs/series/g28/M07/AA/C1/autohomecar__ChcCR1s8gyqAfv9GAAAWVv00aEs559.png
RIVIAN,https://car3.autoimg.cn/cardfs/series/g1/M0A/90/E4/autohomecar__ChsEj1v86VKAHQcVAAAH1Vc-0Kk820.png
容大智造,https://car2.autoimg.cn/cardfs/series/g28/M02/AA/E5/autohomecar__wKgHI1s8fbOAYutPAAAOi5RingA336.png
Rezvani,https://car2.autoimg.cn/cardfs/series/g26/M04/AE/65/autohomecar__wKgHEVs9sJmAOVsPAAALe0564Ak325.png
锐马克,https://car2.autoimg.cn/cardfs/series/g28/M09/AF/B9/autohomecar__ChcCR1s9sGuADb7SAAAUsn8oq5U236.png
瑞腾汽车,https://car2.autoimg.cn/cardfs/series/g27/M0A/7E/11/autohomecar__ChwFkWGcYA2Ad06KAAAcbdAWvJQ881.png
Radford,https://car3.autoimg.cn/cardfs/series/g28/M02/77/01/autohomecar__ChsFWWLP8bmAK6WSAAAz05qOuss532.png
Rinspeed,https://car2.autoimg.cn/cardfs/series/g29/M02/AC/C8/autohomecar__wKgHG1s9a8GAds3fAAARaIG8MdY142.png
瑞麒,https://car3.autoimg.cn/cardfs/series/g30/M04/AF/22/autohomecar__wKgHHFs9thOANwxXAAAbgQiJA8Q971.png
RENOVO,https://car3.autoimg.cn/cardfs/series/g30/M07/AE/FC/autohomecar__wKgHHFs9sOCAcROzAAATAGwi_xA696.png
如虎,https://car2.autoimg.cn/cardfs/series/g28/M05/AC/96/autohomecar__wKgHFFs9bXGAVfcXAAAbJeqqT4k242.png
Radical,https://car3.autoimg.cn/cardfs/series/g27/M0A/BC/81/autohomecar__ChxkmWGgvNKAeaZdAAARhXdAZ4Q016.png
上汽大通MAXUS,https://car2.autoimg.cn/cardfs/series/g25/M08/5B/0F/autohomecar__ChwFj18eQ3CABqIiAAAPb9iBKuM681.png
三菱,https://car3.autoimg.cn/cardfs/series/g2/M06/8A/04/autohomecar__ChsEml3TfMaATgezAAC0dLGfwGY752.png
斯柯达,https://car3.autoimg.cn/cardfs/series/g28/M05/50/38/autohomecar__ChwFkmMOt9CAYZybAAAtfgeaR4Y502.png
斯巴鲁,https://car2.autoimg.cn/cardfs/series/g25/M0A/F2/34/autohomecar__ChwFj1-P3niAbyjyAAAuPQrV3Y8692.png
smart,https://car3.autoimg.cn/cardfs/series/g5/M12/D6/F3/autohomecar__ChxkkGE1pyOAF-glAAATa1Mec-g686.png
SONGSAN MOTORS,https://car3.autoimg.cn/cardfs/series/g27/M02/E6/B2/autohomecar__ChsEfF9twQiAAZiAAAAL4WRJ6B8093.png
思皓,https://car2.autoimg.cn/cardfs/series/g19/M11/49/A9/autohomecar__ChsE9GBr9vCANrRRAAAMcp_1MUM146.png
SWM斯威汽车,https://car2.autoimg.cn/cardfs/series/g24/M05/F3/4E/autohomecar__Chtk3WCaOGWAevOKAAAW5uzfpBg007.png
SERES赛力斯,https://car2.autoimg.cn/cardfs/series/g28/M04/F4/38/autohomecar__ChcCR1yrIe-AKImTAABBfAPrEj4880.png
沙龙汽车,https://car3.autoimg.cn/cardfs/series/g28/M02/8D/C0/autohomecar__ChxkmmLP8_WAK_YdAAAxHpEVD2Q665.png
思铭,https://car2.autoimg.cn/cardfs/series/g28/M07/AE/C8/autohomecar__wKgHFFs9vUiAfM7aAAAmlr1vbnw720.png
陕汽通家,https://car3.autoimg.cn/cardfs/series/g28/M01/DE/23/autohomecar__ChwFkmGWGbiAE-OlAABDkjy3pMY836.png
萨博,https://car3.autoimg.cn/cardfs/series/g16/M14/9A/51/autohomecar__ChwEomDv4CSAUkI1AAAfDXjNJX4030.png
Sono Motors,https://car3.autoimg.cn/cardfs/series/g27/M09/F4/8B/autohomecar__ChsEfFzkthOAWc93AABSp_WTOlY431.png
上汽集团,https://car3.autoimg.cn/cardfs/series/g7/M09/4F/DF/autohomecar__ChsEvmFRPD-AdmHXAAAqsz5c45M369.png
上��,https://car2.autoimg.cn/cardfs/series/g28/M00/50/B1/autohomecar__ChsEnl8rveaAHbImAAAYZpUOvrE684.png
双龙,https://car2.autoimg.cn/cardfs/series/g27/M08/B0/0D/autohomecar__wKgHHls9s8CAMj_LAAAnJoT2rJs708.png
SHELBY,https://car3.autoimg.cn/cardfs/series/g25/M00/B3/6F/autohomecar__ChsEmF2LB7SAEenPAAA_zhE01Z0027.png
SSC,https://car2.autoimg.cn/cardfs/series/g13/M04/87/9F/autohomecar__ChxkrmDv2U-AEnnJAAAW_kWw36o944.png
SONY,https://car2.autoimg.cn/cardfs/series/g2/M09/2B/07/autohomecar__ChcCRF4T8UeATaECAAAavIrevRM624.png
STI,https://car2.autoimg.cn/cardfs/series/g29/M07/B4/68/autohomecar__ChwFk2Hg62yAKDGmAAAJYdkhdZo272.png
神州,https://car3.autoimg.cn/cardfs/series/g25/M04/31/25/autohomecar__ChwFj18WoiGATMgeAAA1HewJ8uc375.png
申龙汽车,https://car2.autoimg.cn/cardfs/series/g5/M02/04/EC/autohomecar__ChwEl2EsbFmAFqiAAAAit4kA6CI984.png
Spyros Panopoulos,https://car2.autoimg.cn/cardfs/series/g8/M15/7A/2C/autohomecar__ChwEmmFhEz-AE7xmAAAJJ06k4Ag774.png
赛麟,https://car2.autoimg.cn/cardfs/series/g2/M06/F2/48/autohomecar__ChcCRF0n-JOALPFTAAAKHbgQXGA498.png
Share2Drive,https://car2.autoimg.cn/cardfs/series/g27/M05/27/4B/autohomecar__ChsEfFx8lz-AMU7rAABNo1vtpV4409.png
首望,https://car2.autoimg.cn/cardfs/series/g27/M05/AE/AB/autohomecar__wKgHE1s9slWAFiwoAAAyEi1Gl-c198.png
Scion,https://car3.autoimg.cn/cardfs/series/g8/M03/BD/F9/autohomecar__ChwEmmDv1eSAB8X_AABQcQ22D1c413.png
世爵,https://car2.autoimg.cn/cardfs/series/g26/M07/AF/C6/autohomecar__wKgHHVs9tzmAI-3zAAAnMzRcCBI762.png
斯太尔,https://car3.autoimg.cn/cardfs/series/g29/M06/AF/6D/autohomecar__wKgHJFs9sOiAQjtwAAAvZ6AL2q8555.png
SIN CARS,https://car3.autoimg.cn/cardfs/series/g26/M05/B3/B9/autohomecar__wKgHHVs-u9KAEiE3AAAgL90ZMJA399.png
速达,https://car2.autoimg.cn/cardfs/series/g2/M00/E3/F4/autohomecar__ChsEkF9DbZSAVJBhAAAbXx0PJ-M896.png
双环,https://car3.autoimg.cn/cardfs/series/g28/M08/B7/49/autohomecar__ChxkmmGgom-ASPloAABPwYc0ZRI468.png
上海,https://car3.autoimg.cn/cardfs/series/g28/M00/AD/E2/autohomecar__ChcCR1s9bTqAex1FAAAo0tgJToU127.png
SPIRRA,https://car2.autoimg.cn/cardfs/series/g30/M08/B0/00/autohomecar__wKgHPls9swGAWu7TAAAvokggM9o575.png
特斯拉,https://car2.autoimg.cn/cardfs/series/g5/M05/9B/6A/autohomecar__ChsF3WDvz8KASp57AAAtZC2Z5RI418.png
坦克,https://car2.autoimg.cn/cardfs/series/g3/M02/E2/3F/autohomecar__ChwFlWBtFGqAN3luAAAr_GxEfag221.png
腾势,https://car3.autoimg.cn/cardfs/series/g27/M07/B3/07/autohomecar__ChsEbGLnYNKAXUxnAAAuiWF5tQg493.png
天际汽车,https://car2.autoimg.cn/cardfs/series/g22/M14/1E/EC/autohomecar__ChwFRWBkZLuAIf_QAAAFw9oun4I146.png
拓锐斯特,https://car3.autoimg.cn/cardfs/series/g25/M09/45/28/autohomecar__ChxkqWIz7veAETFgAAA0fihkSxg430.png
TECHART,https://car2.autoimg.cn/cardfs/series/g24/M00/3E/C1/autohomecar__Chtk3WDMBpeACTQ-AAATQezc_K8735.png
Triton,https://car2.autoimg.cn/cardfs/series/g24/M01/B0/30/autohomecar__ChwFjl6dA3uAXgrqAAAYg0bGFCg150.png
塔塔,https://car3.autoimg.cn/cardfs/series/g30/M02/B0/97/autohomecar__ChcCSVs9sWqAOjpKAAAfnFCrthM384.png
Touring Superleggera,https://car3.autoimg.cn/cardfs/series/g26/M00/CD/2E/autohomecar__ChsEe19pcDOAPrsKAAAa8R0_0F0739.png
TOGG,https://car2.autoimg.cn/cardfs/series/g25/M01/7F/3C/autohomecar__ChsEel4JbB6AYUM8AAAeD0TfLTk402.png
Tramontana,https://car3.autoimg.cn/cardfs/series/g30/M07/B0/A8/autohomecar__ChcCSVs9sxOAfLzYAAAasBBle38800.png
TVR,https://car2.autoimg.cn/cardfs/series/g27/M07/29/F3/autohomecar__ChwFkWGkaKOACMAiAABDLE3kE70173.png
泰克鲁斯・腾风,https://car2.autoimg.cn/cardfs/series/g26/M00/AB/A4/autohomecar__ChcCP1s8nxmAKuFKAAAXtaGhcAA193.png
TOROIDION,https://car2.autoimg.cn/cardfs/series/g27/M01/B2/D7/autohomecar__wKgHE1s-u_GAKYS9AAAgT2TAVRU572.png
Vinfast,https://car2.autoimg.cn/cardfs/series/g28/M0A/1B/E6/autohomecar__ChcCR1uXj_eATSVeAAAnAQdZWT4789.png
VIRITECH,https://car3.autoimg.cn/cardfs/series/g27/M01/B7/9D/autohomecar__ChxkmWGgkl2AElT0AAAbZp-Gj6A224.png
VANTAS,https://car3.autoimg.cn/cardfs/series/g2/M0B/DA/40/autohomecar__ChsEml5CH9CASO6xAAAXDRAllCU080.png
Vega Innovations,https://car3.autoimg.cn/cardfs/series/g3/M04/B8/38/autohomecar__ChsEm15LrwWAKnNfAAAeq-z4jHg792.png
Vanda Electric,https://car3.autoimg.cn/cardfs/series/g29/M09/AF/64/autohomecar__wKgHJFs9r8SAAr04AAAbnn86_4A715.png
VLF Automotive,https://car3.autoimg.cn/cardfs/series/g27/M09/B0/0A/autohomecar__ChcCQFs9sHaABaTkAAApa1pRzdY874.png
五菱汽车,https://car2.autoimg.cn/cardfs/series/g24/M05/59/3B/autohomecar__ChwFjl7LMESAOdGBAAAUnGa5tfM787.png
沃尔沃,https://car2.autoimg.cn/cardfs/series/g7/M09/D3/58/autohomecar__ChsEvmFNNr-ALaiJAAA-q3aAE8E438.png
魏牌,https://car2.autoimg.cn/cardfs/series/g7/M06/DF/DD/autohomecar__ChwEmWFNgfuAf4JNAAAUyHRSNbw948.png
蔚来,https://car3.autoimg.cn/cardfs/series/g30/M0A/AA/F9/autohomecar__wKgHPls8hLSAV28qAAAVB_4gARo749.png
五十铃,https://car3.autoimg.cn/cardfs/series/g27/M04/B0/52/autohomecar__wKgHHls9vPqAMteSAAAMEXmpDRw203.png
威马汽车,https://car3.autoimg.cn/cardfs/series/g14/M0B/A1/CA/autohomecar__ChsE4WAzhpeAZ7uUAAAO5SuvZRI410.png
伟昊汽车,https://car2.autoimg.cn/cardfs/series/g27/M09/48/BA/autohomecar__ChwFkWGlysKAQ9qKAAAQ6o0wVes978.png
维努斯,https://car2.autoimg.cn/cardfs/series/g29/M05/F0/48/autohomecar__ChsFVWLXuDiAaGGIAAAZxywnnAQ637.png
WALD,https://car2.autoimg.cn/cardfs/series/g14/M11/91/F4/autohomecar__ChwEoF_bGeKAbwGrAAAIDYEod3I060.png
万象汽车,https://car2.autoimg.cn/cardfs/series/g30/M02/7A/4D/autohomecar__ChwFlGI9YySAcKMsAABLtlsAtIw758.png
瓦滋,https://car3.autoimg.cn/cardfs/series/g29/M09/8B/C7/autohomecar__ChwFk17Mg-6AHq0_AAArP3as9kM452.png
威麟,https://car2.autoimg.cn/cardfs/series/g30/M0B/B4/36/autohomecar__wKgHPls-vHKADs-qAAAt3zAmPZk863.png
沃克斯豪尔,https://car3.autoimg.cn/cardfs/series/g27/M05/9A/76/autohomecar__ChwFkWAzezCAJZnYAAAmW1gc3Lc136.png
威兹曼,https://car3.autoimg.cn/cardfs/series/g4/M09/2C/4C/autohomecar__ChsFVmDv3R-AGiJqAAAnZ-PLDHg220.png
WayRay,https://car3.autoimg.cn/cardfs/series/g27/M04/43/F4/autohomecar__ChwFkWGlnKGAPd_0AAAQ0ypQBwg630.png
潍柴英致,https://car3.autoimg.cn/cardfs/series/g28/M05/AE/6F/autohomecar__wKgHFFs9sYmAaIBOAAA6PtoAGWI541.png
W Motors,https://car3.autoimg.cn/cardfs/series/g30/M08/B0/93/autohomecar__ChcCSVs9sMSAVWiHAAAjdsaooA4481.png
现代,https://car3.autoimg.cn/cardfs/series/g2/M06/77/58/autohomecar__ChsEml2DT3iAZXJtAAB5yfqMJ50322.png
雪佛兰,https://car2.autoimg.cn/cardfs/series/g29/M03/AF/A2/autohomecar__wKgHJFs9uFKAb5uSAAAhD-fryHg510.png
雪铁龙,https://car3.autoimg.cn/cardfs/series/g29/M03/AF/A3/autohomecar__wKgHJFs9uFqAbupVAAARpC69vKE867.png
小鹏,https://car2.autoimg.cn/cardfs/series/g29/M05/0F/60/autohomecar__ChwFk2KHJcCAGvvTAAAOWbIeJPM699.png
星途,https://car3.autoimg.cn/cardfs/series/g29/M01/28/5E/autohomecar__ChsEflvo4_eAWMhAAABEgk0Rb9o405.png
小虎,https://car3.autoimg.cn/cardfs/series/g8/M0E/5C/02/autohomecar__ChwEmmFgADyAQeS9AAAMc1mbmPk303.png
AM晓奥,https://car2.autoimg.cn/cardfs/series/g26/M04/32/58/autohomecar__ChsEe1-o-g-ANZZcAAAREn-Ho1E976.png
新龙马汽车,https://car3.autoimg.cn/cardfs/series/g24/M03/17/AC/autohomecar__ChwFjmB2oGaAe2UtAAAznBQnV5k906.png
SRM鑫源,https://car2.autoimg.cn/cardfs/series/g2/M03/65/9F/autohomecar__ChsEmlx_hYyAIMqfAADgn_VFNPY334.png
新特汽车,https://car3.autoimg.cn/cardfs/series/g28/M0B/AA/9D/autohomecar__ChcCR1s8fyyATdzeAAAhDWuIGqs316.png
西雅特,https://car2.autoimg.cn/cardfs/series/g1/M0A/0D/CE/autohomecar__ChcCQ113BIKANHljAAAnx7tPoak504.png
小猬汽车,https://car3.autoimg.cn/cardfs/series/g29/M01/A9/98/autohomecar__wKgHG1s8fvOAUftgAAAKk2Q1-KU094.png
新吉奥,https://car3.autoimg.cn/cardfs/series/g30/M01/AE/F7/autohomecar__ChwFlGJrVQ6ATvfGAAA5U53MiB8719.png
新凯,https://car2.autoimg.cn/cardfs/series/g29/M02/63/47/autohomecar__wKgHJFtidpGAWJPZAAA9E8qcFEI929.png
依维柯,https://car3.autoimg.cn/cardfs/series/g26/M0A/B0/32/autohomecar__ChcCP1s9vIyATsAFAAANX6Iaj4U522.png
英菲尼迪,https://car3.autoimg.cn/cardfs/series/g26/M0B/AF/CD/autohomecar__wKgHHVs9uHyAcBFLAAAdmkFNQKU306.png
一汽,https://car3.autoimg.cn/cardfs/series/g29/M03/5B/59/autohomecar__Chxkm2HmgO6AF-mjAAA3wgQIVw0931.png
野马汽车,https://car3.autoimg.cn/cardfs/series/g3/M05/F8/8E/autohomecar__ChcCRVyquj2AEhqrAAARdJZR7jo650.png
宇通客车,https://car3.autoimg.cn/cardfs/series/g29/M07/A9/BE/autohomecar__wKgHG1s8gwmAM17UAAAfreVOb_g865.png
一汽凌河,https://car2.autoimg.cn/cardfs/series/g27/M01/A6/63/autohomecar__ChsEnV3nJOKADm7sAABY12-Q5MY719.png
云雀汽车,https://car3.autoimg.cn/cardfs/series/g3/M0B/36/D0/autohomecar__ChsEkVufgTyANUkSAAAsohVVNYM045.png
银隆新能源,https://car2.autoimg.cn/cardfs/series/g2/M09/BF/BE/autohomecar__ChsEkFzaZcSAHu3zAABbj7i71BA163.png
野马新能源,https://car3.autoimg.cn/cardfs/series/g29/M05/3F/58/autohomecar__ChsEfl3M5imAaZhuAABgphaQNCQ522.png
御捷,https://car3.autoimg.cn/cardfs/series/g26/M0B/AB/EE/autohomecar__ChcCP1s8rZeAd9ORAAAylfi3l4U081.png
裕路,https://car2.autoimg.cn/cardfs/series/g27/M06/AB/1F/autohomecar__ChcCQFs8gaqAPQC4AAAnTu45zdQ466.png
远航汽车,https://car3.autoimg.cn/cardfs/series/g28/M04/2D/01/autohomecar__ChwFkmMDNVmALNgkAAAjXpa-YCg516.png
云度,https://car2.autoimg.cn/cardfs/series/g28/M02/AA/CE/autohomecar__ChcCR1s8hImALELHAAALi6Jc3yg883.png
远程汽车,https://car3.autoimg.cn/cardfs/series/g25/M06/40/81/autohomecar__ChtliGLjRGWAeLJWAAAMCona0yk617.png
雅升汽车,https://car2.autoimg.cn/cardfs/series/g24/M0A/61/9D/autohomecar__ChwFjmCjXQiAUHbXAABEKEA0ddQ123.png
悠跑科技,https://car3.autoimg.cn/cardfs/series/g29/M0A/F8/CB/autohomecar__ChwFk2HbtKWAAb4RAAArqPeegQk464.png
易电易行,https://car3.autoimg.cn/cardfs/series/g16/M15/70/10/autohomecar__ChsEzWDuUYWAX49sAAAgC1vTlJA917.png
YAMAHA,https://car2.autoimg.cn/cardfs/series/g27/M07/B0/0B/autohomecar__ChcCQFs9sIWAPITTAABLPY8MO3I105.png
IMSA英飒,https://car3.autoimg.cn/cardfs/series/g3/M05/5C/45/autohomecar__ChsEkV8qFW2ASusDAAAKpFXwY8c674.png
永源,https://car2.autoimg.cn/cardfs/series/g27/M05/DA/26/autohomecar__ChwFkWGglm6AcBK6AABbQuMd9hI651.png
游侠,https://car2.autoimg.cn/cardfs/series/g30/M03/AB/DD/autohomecar__wKgHPls8o_KACKKfAAAVJkF5248512.png
众泰,https://car2.autoimg.cn/cardfs/series/g28/M06/B0/46/autohomecar__wKgHI1s9tl6AMohnAAAWWCxmgSE212.png
中兴,https://car2.autoimg.cn/cardfs/series/g26/M05/AE/A0/autohomecar__wKgHEVs9uIaAedlKAAAp27V9U3w505.png
中华,https://car3.autoimg.cn/cardfs/series/g1/M02/31/6D/autohomecar__ChcCQ103vQWAeID2AABXX4hgbBk211.png
智己汽车,https://car2.autoimg.cn/cardfs/series/g23/M13/60/DB/autohomecar__ChsFWV_-mbmASim8AAAVx47j-rI055.png
智点汽车,https://car3.autoimg.cn/cardfs/series/g9/M02/32/9B/autohomecar__ChwEm2FlImGAdOU6AAAWak96JdA981.png
之诺,https://car2.autoimg.cn/cardfs/series/g30/M00/AF/03/autohomecar__wKgHHFs9sbSAZmqnAAAqJUazzmY138.png
中国重汽VGV,https://car2.autoimg.cn/cardfs/series/g24/M07/DF/8E/autohomecar__ChwFjmDK8WmAeccyAAARlfk8NWE977.png
自游家,https://car2.autoimg.cn/cardfs/series/g28/M09/8D/BD/autohomecar__ChxkmmLP8y2AGpH_AAAHJaknZV4022.png
Zenvo,https://car3.autoimg.cn/cardfs/series/g27/M0B/B9/FB/autohomecar__ChxkmWGgqC6AJ0tTAAAR1UU6kvM087.png
智行盒子,https://car2.autoimg.cn/cardfs/series/g27/M0A/1B/03/autohomecar__ChxkmWGy40SAHxIWAAAi1K-JcnU724.png
正道汽车,https://car2.autoimg.cn/cardfs/series/g26/M07/AE/63/autohomecar__wKgHEVs9r7iATIzrAAAyT3bq7bc485.png
知豆,https://car3.autoimg.cn/cardfs/series/g26/M01/AB/CC/autohomecar__wKgHHVs8rz2ALJKRAAAYO1tByac306.png
